alpha,beta,gamma,delta
0.5490778273977763,-0.4951234288559434,0.5781708931032525,0.38851396838519325
0.5490778273977763,-0.4951234288559434,0.5781708931032525,0.38851396838519325
-0.1404717057087877,0.07036651820149802,1.6160281299569392,1.1061248089389364
-0.07635977813900255,0.07307222349449508,1.6689374457131296,1.1108209811866978
-0.06829874372966308,0.07557827379426753,1.6641946233761118,1.1156688423955983
-0.046830846530565615,0.08427533387422996,1.6859791565564002,1.1311004065125267
0.01252234533645966,0.11103757613408807,1.7220726256361945,1.1895589807436477
0.19217375975989698,0.14458624900862765,1.9531160326889632,1.3101461282552234
0.19217375975989698,0.14458624900862765,1.9531160326889632,1.3101461282552234
-0.02754138394771061,-0.0409007635736958,4.811854951890397,3.4879015332409047
-0.03233089350099666,-0.03648606140772005,4.850960948467951,3.533118505384253
-0.018570428268881115,-0.05600777133529951,4.886567474302195,3.533335048769024
-0.018570428268881115,-0.05600777133529951,4.886567474302195,3.533335048769024
-0.03630367883260977,-0.0531055538121579,5.1862914535273115,3.682084450322651
-0.0378667522136338,-0.05567271141602836,5.400022589928311,3.891062317074963
-0.07052287491332587,-0.039991352224140964,5.427946976915727,3.8993183292765727
-0.10617680087785702,-0.07086647985794,6.072872603514316,4.1887282721388654
-0.1515616465676933,-0.1719050570508431,7.423815710748683,5.245474200789012
-0.24522266323422062,-0.2711576929378315,9.174355633270906,6.84622383302969
-0.24870654547712429,-0.2676446223843496,9.170035474506538,6.841690498207191
-0.2690319156340698,-0.2656104607898247,9.054919164883803,6.818234283226265
-0.24222869496006763,-0.26589469701773566,8.770288367067188,6.774286558170104
-0.21395088466590667,-0.23554952657164369,7.826559683534812,6.619614395180739
-0.22825425594422857,-0.21670094684410235,7.117745047336072,7.456263947481935
-0.2484946319107643,-0.24987406041770183,7.49898948037515,7.531615448888968
-0.24783295897218985,-0.21559506373576737,7.199644725148223,7.523183776576679
-0.23264025358826407,-0.24524177126760957,7.282712548719052,7.533754314911543
-0.2646191920971696,-0.2599935418368578,7.861961433880184,8.0544904372435
-0.2646191920971696,-0.2599935418368578,7.861961433880184,8.0544904372435
-0.25095352174291286,-0.25640730152606395,8.004981850290289,7.5928037755003395
-0.2753539413172297,-0.22913966590834567,7.876640672194765,7.5654190888077
-0.24777578303679693,-0.3074699084051376,8.685399845339262,7.494155875120126
-0.2894557413392984,-0.2266767128207595,8.31737889117847,7.260352288271971
-0.290424774054064,-0.22730410943431067,8.404905096251078,7.295452621075215
-0.2642754132423594,-0.233461879842677,8.111458906158825,7.31370648873104
-0.24635827147958192,-0.2579307581370008,8.048848584599444,7.482695419939783
-0.23164167842796105,-0.24644930783173025,7.924500027268747,7.415779443268292
-0.24158882289405473,-0.23968663242925942,7.88044792486064,7.428902182881093
-0.25973128989850036,-0.23412374217214088,7.54794201967694,7.675017806735635
-0.26096803220325804,-0.23964472440113835,7.9660647827473765,7.331205647656264
-0.2329407033074958,-0.23455012989151178,7.819032939896928,7.070746472046888
-0.2671089985104361,-0.21485081748771898,7.791289858593387,7.407307175503397
-0.27875833804176947,-0.21309840463416654,7.758178872568524,7.3382334367724935
-0.2233336269167405,-0.24018546686015194,7.669093309027107,7.094310498548037
-0.26220073363343444,-0.23615523387491735,8.150763311585747,7.273432947361322
-0.2397909698735397,-0.25925757325806165,8.256001834444076,7.182896586124338
-0.2397909698735397,-0.25925757325806165,8.256001834444076,7.182896586124338
-0.25126598971106195,-0.2226119054087288,7.9136243703455555,6.9545835994804435
-0.26790984327346484,-0.24388933807109753,8.52850306345236,7.040587945637198
-0.30804072811256566,-0.18044188727759872,8.365927282507986,6.927302220891273
-0.2796095668447607,-0.2222885897658057,8.681860056292301,7.038080838066659
-0.23780825845108408,-0.2729990637099949,7.894042007083726,7.105209759130833
-0.23247004808575922,-0.2726299971896829,7.90958563558738,7.119699186785656
-0.22458132637028633,-0.27382965007357535,7.897192185943695,7.30205053408418
-0.24753206376306158,-0.2557263765842758,8.018820398015412,7.24890652974942
-0.23783452300750407,-0.29072978164994717,8.043871678626788,7.455833066487893
-0.2557143439935042,-0.24387172540664856,7.9670684075852405,7.024180714694181
-0.24952555056472792,-0.24067141584902216,7.646981170492697,7.314374418925031
-0.2564178103269924,-0.23783479730910248,7.175341795572756,8.187729749189199
-0.22949355917103745,-0.2420245361708627,7.0701109308390615,7.768268988116426
-0.25517723398055503,-0.2391551534903951,7.924320784650886,7.337737872001927
-0.24567106052424711,-0.2458187691968775,7.958009154308233,7.148490151879729
-0.24567106052424711,-0.2458187691968775,7.958009154308233,7.148490151879729
-0.25282332815143377,-0.2483315618665014,8.171406496473592,7.059103441028113
-0.2643482269964634,-0.22676171618652885,8.233180329247949,7.073406161256164
-0.24640568670393945,-0.24565460060702343,8.141562542875844,6.925357648391785
-0.235086349319158,-0.27485917690286793,8.489665101736662,6.779591549695212
-0.26159362808357656,-0.21103117798238422,7.6057664142142976,7.295776918447891
-0.2287836806014684,-0.2632398534838915,7.190095466179068,7.924638997899542
-0.22900028979949108,-0.27309576621898024,7.203602239572193,7.862380579675025
-0.2074233623427364,-0.27488009172052874,7.256476935636248,7.8321067881288915
-0.2405963266411328,-0.2663165974994112,7.474010827190017,7.8604723236740925
-0.2566183360239244,-0.24934482159705626,7.566554397173947,7.896768793774099
-0.2706322923113656,-0.2416923275081101,7.511964034107766,7.793137802290097
-0.2550621956520352,-0.24709512298398653,7.074486413308762,8.046303445862161
-0.2418764612856941,-0.2510557177764403,7.213894242906953,8.229665547814253
-0.2418764612856941,-0.2510557177764403,7.213894242906953,8.229665547814253
-0.253757391302092,-0.26088399727107414,6.9798945562798895,8.40138910138476
-0.24496496201217785,-0.22830958500798715,6.663431248218627,8.069293073124824
-0.24413291387197142,-0.26285971979728573,7.202091204410749,7.943140718399545
-0.2624452924550564,-0.2369596541950897,7.34564527829823,7.940205386930188
-0.26200237005939403,-0.24177173818143702,8.099748930317203,7.229969802366685
-0.26200237005939403,-0.24177173818143702,8.099748930317203,7.229969802366685
-0.23465247884364476,-0.25044628992118373,7.319212125363942,7.585907422349602
-0.25722684643921445,-0.2807892769835385,8.103579236088049,7.483840730094667
-0.25528043977451464,-0.2221663016353846,7.881072645016696,6.68020558885788
-0.2934870670622373,-0.28248056199545424,8.362502175616687,7.9568041739664235
-0.21912661687843332,-0.22661442344832392,6.527051391747134,7.835170287399912
-0.21912661687843332,-0.22661442344832392,6.527051391747134,7.835170287399912
-0.26345032030636856,-0.2759028168129482,8.559801702526203,7.429394883645507
-0.3152832485127413,-0.26467584250940057,8.156811167428934,8.176986639741354
-0.2520295146235164,-0.29150778845323916,7.926336444168101,7.875287004069352
-0.248384091349845,-0.2800556078512993,8.010171132832836,8.008105017420643
-0.26350038951234517,-0.23968429168536468,7.643360625067114,7.8659261526401085
-0.24401359567387543,-0.26062011209845926,7.751501433215639,7.830863922965194
-0.24146294898000759,-0.21523303535176172,7.293358759575053,7.446110782447506
-0.2434129778926232,-0.2590483575366863,7.426006537788193,7.9293754133659125
-0.2584634060453274,-0.2568447306595094,7.573618603293913,7.85578636278387
-0.2893924789058862,-0.24964327577908488,7.633980537821765,7.864681170858253
-0.23126158778916053,-0.27608234463920617,7.415428465705494,8.104347321456778
-0.23350142714418357,-0.27111134386607544,7.353375573394939,8.12475751510984
-0.26494194271581645,-0.23616231367259155,7.828285436741891,7.544170583664754
-0.2732113588555409,-0.22320379659314638,7.704007918049956,7.553033882481497
-0.26258050294898594,-0.2358077260250907,7.749869854868226,7.424585495619567
-0.23599462258800571,-0.26303953552197407,8.163444925302363,6.946920815851126
-0.2614069655530236,-0.23973628165821065,8.445477377788333,6.976380485914094
-0.26081207672012313,-0.24097404302519296,8.052856656399973,7.213242113013431
-0.2742626033791298,-0.1994940254140632,7.227267915378307,7.536357690799677
-0.25988623348610906,-0.21959283027717055,7.815822498157989,7.396226885639879
-0.240314753705922,-0.28436689614881633,7.829356876646777,7.600201845389093
-0.2453532680286641,-0.2510255616495033,7.683028848250104,7.872441073489087
-0.2487330104746968,-0.2723050759722327,7.944360903696032,7.332383115673864
-0.2751395844720692,-0.24546646619429677,8.094986052070057,7.829682725842693
-0.2551404589095263,-0.23263066514962566,7.397285594898785,7.605784391189373
-0.26394229085972964,-0.2682604832679826,7.8207477067409545,7.632732755413964
-0.2270764044526977,-0.2886665306088215,8.229582709713325,7.08518210902215
-0.24889512536179534,-0.2541862769600813,6.729714395695884,8.465619224305984
-0.2534550439464243,-0.23536319422122226,6.774947000521656,8.160743026165925
-0.2553544561551872,-0.23493885221697577,6.710427864006126,8.073190929674295
-0.23547175871433768,-0.26326181792743614,7.921830468439776,7.258025384955361
-0.2492851236506261,-0.21579461425062335,7.69327059877593,6.94612870509895
-0.2965196046627557,-0.2186274954591349,8.194490807444597,7.723344265262918
-0.2556271826845694,-0.24573097531670154,8.111328256951992,7.15496091608873
-0.2627139630217262,-0.25787618932802525,7.616072547344273,7.761474440050177
-0.2667817306979708,-0.22753898741142184,7.931240360767078,7.359418157745386
-0.2716967904704935,-0.2447024848761104,7.433879378230069,7.872611830747341
-0.22664111875975113,-0.25351462655447876,7.6250842270231844,7.639877102271682
-0.2605924032953216,-0.2554703082075305,7.783213670656281,7.367043254220017
-0.22443717169008628,-0.25543589602782957,8.046637571884384,6.784309925149938
-0.24860127268791898,-0.2718071336062367,8.318201469256545,7.011630023596734
-0.23084430498959194,-0.23930582687020363,6.952456857044726,8.086915824483961
-0.24897561848210428,-0.24571299125917878,6.8797199612580195,8.152833746885717
-0.25959749297055223,-0.25895822972075067,7.43667902026188,8.097818302302066
-0.24538940817275695,-0.23641613123282562,7.456248638486332,7.474162385090649
-0.23042069286169592,-0.2733528181446567,7.847939122750972,7.509303126555318
-0.24836274825749344,-0.2719872086352261,7.881862523018402,7.738658956662592
-0.23501792422795212,-0.25641870106617987,7.32780787724048,7.86655546047037
-0.2549074604403864,-0.2377073028824917,6.840414143117242,8.36684470693106
-0.26030249453603543,-0.2196036914841005,6.9214386181287635,8.021970639582918
-0.2583638358826266,-0.27483050171203505,8.338357558459151,7.478897050084447
-0.2586248595425278,-0.2796517541625507,8.377364508015269,7.599597763524572
-0.25446528947892855,-0.25622861062297075,7.500724528894566,7.824838412237441
-0.25446528947892855,-0.25622861062297075,7.500724528894566,7.824838412237441
-0.26925532804434177,-0.25611957349651204,7.716492643483392,7.954989969616628
-0.2745718437695186,-0.26586759714349617,7.7363765107742095,8.18761955791404
-0.2365886717582305,-0.2631429345512653,7.4069712637905045,7.9945085942809415
-0.2398319504460335,-0.2654448931227171,7.1232488653271835,8.117024098197437
-0.24918971545834107,-0.23881133682965347,7.6503817989173335,7.679457452244912
-0.25974052062656244,-0.24031258019697163,7.606510612689875,7.480616565551133
-0.27190897242161827,-0.22884402632056938,7.486242023583336,7.572822141682164
-0.25210604902861683,-0.24331850146505332,7.464411046513577,7.946923152330723
-0.2362183849360977,-0.24454714105716205,7.446170166666706,7.820083905249269
-0.23409975350187492,-0.2520211597975516,7.347956329088761,7.462419953557651
-0.25569070624785084,-0.25690424301712134,7.8530171689148975,7.544559658566847
-0.24242123515341377,-0.23983637846713365,7.374632985465222,7.400167223713993
-0.25701567009527526,-0.2335393758719398,8.05339683580653,7.225109342817224
-0.2531081849280636,-0.24174605177619013,7.845461297570218,7.070668465165796
-0.2615246297612243,-0.24762547013117445,8.365953217196893,6.893866911662939
-0.2535607203165219,-0.25388906430640595,8.30843413772708,6.780013389838409
-0.2742371752275232,-0.21703987862982688,7.272562967373606,8.022532914408204
-0.26986071395897987,-0.2304782885535498,7.396747115353745,7.850709942789532
-0.2698352377937271,-0.22254926106171533,7.56377239727567,7.580899096006883
-0.21840396408073248,-0.26715825232138296,7.57991529678211,7.696024033703881
-0.21240399007621047,-0.26712743030434544,7.529329720497112,7.746444977467192
-0.27154881827948346,-0.23173379325915966,6.8483991154883945,8.072577356081688
-0.2534171262795938,-0.2348278926937154,6.5382582910536655,8.241846974553255
-0.23414031305560798,-0.2869315220434459,7.536370646399453,7.853709468974362
-0.27789076114390554,-0.22850330025634522,7.327930463400612,7.791330715890743
-0.23342523196126555,-0.2503953520443478,7.800458823762645,7.0649167440860365
-0.24204135084433287,-0.24208114613023657,7.935316269427353,6.954921555934031
-0.2518020766661852,-0.25691937272759274,7.695378407193189,7.629466210344138
-0.2514969280846592,-0.25126405412912295,8.220357292041744,7.48726787049874
-0.26981785268007275,-0.23596860868066166,7.463395774753626,7.755349352643745
-0.27539555664110726,-0.25242846150843884,7.75263208382942,7.957013277680943
-0.2308289862731008,-0.27476947846125266,8.33061445060279,6.866555750282718
-0.22417511635319254,-0.26339197063581454,8.080738248445025,6.9618590351397875
-0.20215619303261015,-0.29739679140745384,8.236251113025347,6.845943167740341
-0.255473221849213,-0.25780217241589287,8.43487538798087,7.2757557345236386
-0.23720993520162775,-0.23507273158733627,8.068016703191919,6.939808961178217
-0.2605016519632124,-0.24031971995299375,8.325521386034888,7.14273304252543
-0.26331505959148976,-0.24450154905554392,8.336526232559555,7.132182398212295
-0.2327509088935089,-0.25048124817341383,7.128041385891059,7.706744060936945
-0.2333682440923037,-0.26276411705236685,7.036181617721693,7.810421919495689
-0.24804113458901525,-0.2380032308945214,7.888364763281319,7.554166687270913
-0.25935828788170334,-0.2393248740053413,7.912837908581796,7.739511193747401
-0.2733514298983186,-0.24068420907914947,7.611912170727243,7.355706793015124
-0.2326792222209463,-0.2511022185031359,7.870646840063602,7.438371912649285
-0.2514962014393462,-0.24842005591888086,7.211792491080686,7.905634632252831
-0.2563506724555428,-0.23317937951891224,7.412034088245753,7.848649553458828
-0.2520936436797112,-0.23892633957408935,7.911876471672273,7.4133854031347175
-0.23485728158449107,-0.25242706906163653,8.11726476406979,7.213664889995358
-0.26140177171337875,-0.2303873252288689,7.863712470208923,7.5028352140123475
-0.2567455982275132,-0.2427073299414873,7.644354724186212,7.758880936178517
-0.23850240967649358,-0.23740204096524145,7.340950857127956,7.627088609101561
-0.23542284858193352,-0.25099085274003524,7.058780949087883,7.69378585230702
-0.2497620855840168,-0.25186562604169643,7.043673966821545,7.934197681810241
-0.2181976772947371,-0.25527779429217506,6.756351849955009,8.246769164513706
-0.26108532247665933,-0.269141444577325,8.1078745252422,7.551984343014813
-0.26108532247665933,-0.269141444577325,8.1078745252422,7.551984343014813
-0.22946126833519248,-0.24335767843025302,7.526736886259479,7.368530275384631
-0.2661933290707176,-0.2523861106225515,7.205930903169908,8.14537107452418
-0.24727749795537654,-0.2310021435568733,6.637686388621143,8.320756370251097
-0.25710793327542025,-0.23831079524181814,6.46520726475965,8.321395355334822
-0.24270861693384757,-0.24358232015976014,8.411557586632584,7.018735222550954
-0.2642845087212944,-0.2335851269267358,7.242953459136251,8.101606105088116
-0.26981017712224953,-0.24121210350735103,8.040490994777155,7.6461454922001995
-0.24519690954869688,-0.2708491232622004,7.311625273791017,7.968971168643048
-0.24897933578929032,-0.24675801705717676,7.4221378934015,7.932634202701078
-0.24002170120852298,-0.26197075679131515,7.298028195164971,7.688427278595206
-0.24635046210548492,-0.27869560100021984,8.082692569459127,7.7996244416613605
-0.24645014165889909,-0.20889072850825968,7.448840088723909,7.582214441972965
-0.24779986724024203,-0.2147901875698704,7.1965489081927325,7.295959011932392
-0.21289476707319135,-0.24740974722088843,7.75148542386008,7.410933449936747
-0.2320785436742645,-0.22115026117232228,8.243006753193722,6.257843569823833
-0.2260166260751259,-0.24738162246040146,7.558705789452357,7.280076600466021
-0.24072542264579666,-0.2665486744410348,7.396460499344727,7.7181397542742225
-0.2362832223425211,-0.22806964372860913,7.416536970794947,7.392990486692275
-0.25487028989040383,-0.26163463309138824,8.074760988507228,7.539801454794279
-0.24857916528039878,-0.22732763419373794,7.1585535165718115,7.747790885509268
-0.26109543338679975,-0.23743775814868168,6.911113456260138,8.408988085536054
-0.23614948739649996,-0.21766851206940924,6.576470452178196,8.056247177434864
-0.2612178332406092,-0.2826499762846651,8.257234430705362,7.489563821561705
-0.25286424077644837,-0.20568353860441893,6.974035284475855,7.397290960121617
-0.26742486077829764,-0.20031860429217566,7.069289965414072,7.459630034306398
-0.2593888966315811,-0.2016352692721264,7.573410889955626,7.27582844838966
-0.2590831143103034,-0.22202688520524907,8.023675769678846,7.131417182861864
-0.25863389693053135,-0.25407761363236914,8.013560888974192,7.396174775213903
-0.23590579293656955,-0.2416710527800107,7.082067226606225,7.902653069567654
-0.2609337823927103,-0.2086868951525924,7.960182913065598,7.276627499649274
-0.24744754738061797,-0.27930949852239934,7.56262271676405,7.768316602815481
-0.24396979225070073,-0.2830040310804476,7.779001063804846,7.966289895246911
-0.24195898003404484,-0.2768648564779164,7.484825152592634,7.931196279452569
-0.23238268207612642,-0.2881160936054085,7.232199773830723,8.435134498818307
-0.26249366299142773,-0.2592251748275707,7.479784264079241,8.134568685934836
-0.24444580395124899,-0.2855738861922997,7.216866254919209,8.5775382249069
-0.24889135549954566,-0.21565399514212952,7.489283061271328,7.196135069877946
-0.24232513940495182,-0.22726550514810814,7.436639427992618,7.558269799222233
-0.24712317357471067,-0.26370297888024397,7.63196820891595,7.602050147306233
-0.23295394759445712,-0.2448333916576724,8.071357181079623,7.121298627044906
-0.21994900712293955,-0.2687010615409508,6.781755526813134,7.851518596741498
-0.22639456878148068,-0.24089712248890818,7.1753296500196155,7.653796960653423
-0.22412055016456106,-0.293685186820795,8.386930880779046,7.205663305176843
-0.21193723139245516,-0.2600372977245116,7.258540606603218,7.791187915782385
-0.20274186038555775,-0.2593685449868349,7.194853801021573,7.709828477431992
-0.20554935676510733,-0.26133407888358295,7.160944670901967,7.482533865835128
-0.21024112639844014,-0.284966228991893,7.655456100687905,7.6382696067371265
-0.2079390883989276,-0.2544231683274164,7.5552943145881395,7.643324873714926
-0.2606400837026117,-0.20183746990874665,7.660236237193374,6.86274373892704
-0.24073803085862322,-0.20403218890532138,7.954905600652359,6.892140269805361
-0.24872059430921958,-0.2743874575262257,7.148736732609681,8.139326222517868
-0.2561293878464361,-0.2516423606489461,7.920664008533012,7.3794217725383655
-0.2561293878464361,-0.2516423606489461,7.920664008533012,7.3794217725383655
-0.23808778801139965,-0.24916312274725935,7.185434004961214,7.9044407121252656
-0.26064816831785637,-0.2374852337262758,7.773744994006097,7.597936736273121
-0.2609834180855354,-0.2424283982801357,7.407159686750295,7.721366829814737
-0.24665840839940656,-0.23971885068241583,8.14499843122068,7.336364575756495
-0.22345826266020774,-0.2624154007438246,7.429432175519288,7.354713713344417
-0.2339443384754773,-0.24209079715709708,7.689841116471391,7.0645643044895685
-0.24820667275888134,-0.2400172710215558,7.511254778638531,7.659762805559175
-0.2544907629550058,-0.21433715269293943,7.1266589139528325,7.745154263303781
-0.2544907629550058,-0.21433715269293943,7.1266589139528325,7.745154263303781
-0.23950519873884116,-0.22460666550007732,7.187915492175679,7.546990746027496
-0.2828230437394359,-0.2415542194068713,8.535035162636484,7.153999781626564
-0.25610825813166227,-0.21754317620192312,8.0082302288108,6.784841591503374
-0.25033355789494566,-0.23179249004504865,7.377770278491537,7.608195169868715
-0.2507340959984229,-0.2628084042620763,7.639499704217387,7.785996975162006
-0.23867676639409344,-0.24172753851122253,7.456060716522877,7.234794780709743
-0.25636555123912647,-0.21401774687660766,7.669104229908331,7.421976779298098
-0.24806401898953276,-0.23536712423286124,7.641890063146706,7.349119021376963
-0.24341881214460753,-0.23195239773611212,7.560171631627027,7.569030104151569
-0.2393600731109427,-0.25747485433469647,7.602163829111694,7.755828284069742
-0.2514146240460209,-0.22739468210332472,7.956093901153984,7.423844292707165
-0.23515298819082023,-0.26342621563062274,7.671133281512288,8.007307629431196
-0.2379153811012702,-0.26978972767098874,7.834492429087336,7.521032274889211
-0.2127530540476222,-0.24983706225435628,7.504812071879914,7.074089831645982
-0.2348089411607135,-0.24603054549734302,7.211130303376509,7.99867612863194
-0.25317259758377736,-0.26301754329731863,7.578151217902661,7.767729552336056
-0.24857642703434857,-0.23764544779401964,7.567039748677586,7.343886645000194
-0.265754580840481,-0.2188639620083629,8.460591581996823,6.832298724413937
-0.265754580840481,-0.2188639620083629,8.460591581996823,6.832298724413937
-0.23014151799587396,-0.2692680535420373,6.7597076571866355,8.493951797612405
-0.23702206652166177,-0.26506706713321126,7.077553679839356,8.24838737503501
-0.26124456702253895,-0.24298625246209496,8.026366378547355,7.3203438853006855
-0.22047967719428763,-0.25179308497270675,7.483938462732874,7.411517286433421
-0.24752520562669733,-0.26305865807944,7.433308482114916,7.916800010164828
-0.24709186521942894,-0.22859499566612812,7.918507974364131,7.194395919410729
-0.20712840321197404,-0.27628520168228177,6.975650256982154,7.928881064437899
-0.25358445184225076,-0.27638905138566017,7.851075650801052,7.867919009065843
-0.26594580651095756,-0.2890878529654231,8.068715588445178,7.906868908536695
-0.26501034483287395,-0.2929156235367366,8.046188390448282,8.084447377827727
-0.26639671060579134,-0.290156364148577,8.078808384088612,7.9646737564104715
-0.26639671060579134,-0.290156364148577,8.078808384088612,7.9646737564104715
-0.2556260529214316,-0.28092722719201996,7.96996112671567,7.993123495284444
-0.24191633700305135,-0.21003355932044177,7.4220425657404485,7.468471854690431
-0.25424322750401623,-0.2414469876675465,7.594978017904177,7.286072314474926
-0.23887395231768005,-0.22816592736853217,7.905026208327768,7.262415533238442
-0.2322127761330143,-0.2664380972634476,7.558285486495373,8.119417396533574
-0.25033338434631697,-0.2570908579864827,7.0611126704164535,8.28991623221292
-0.24012005843328543,-0.23949625242977615,7.26503620081867,7.697093643979065
-0.2170596223584983,-0.27479555824582463,7.397288738869434,7.633495576882603
-0.27375652019196844,-0.24418374250377728,7.987695193286704,7.4135828973426126
-0.22650446041722547,-0.25767402144981744,7.151627541932538,7.657127158353866
-0.22416883400668472,-0.25173811008307556,7.367685858498981,7.804456671320987
-0.22416883400668472,-0.25173811008307556,7.367685858498981,7.804456671320987
-0.26375125839366076,-0.22472779511933044,7.743367217464272,7.361431820203441
-0.27999998824952493,-0.27081719091336126,8.48193069236525,7.872886798208132
-0.215538721980429,-0.2664811301350587,8.272955475675769,6.618832842184033
-0.2205928106399601,-0.25624280344694583,7.847062003251755,7.258189712894155
-0.21828866154091572,-0.2510554318332454,7.888552774170473,7.312403743640307
-0.22630714367411983,-0.2842286536379968,7.353593132477166,7.975004818569759
-0.2724361438862265,-0.23538365515092816,8.075737475117066,7.435196316582784
-0.27704108297600594,-0.24897597206422614,8.153862397603989,7.210595159063727
-0.2166273508775379,-0.25626817154954273,7.024911559550766,7.712063567462084
-0.23458911272836222,-0.2628073061494405,7.692508228230924,7.574313089576458
-0.2493933352183039,-0.25199663042881876,7.792271864400923,7.174050054591181
-0.24934464207147328,-0.24686192909674076,7.504894499545814,7.538413614700232
-0.24529300852180655,-0.2645484927506843,7.5181478654369975,7.716273878317455
-0.25708271250378883,-0.23588916882032634,7.712206633554606,7.40755911574583
-0.25708271250378883,-0.23588916882032634,7.712206633554606,7.40755911574583
-0.2731788054322315,-0.22350117914889897,8.45752899766353,7.127944172811839
-0.266680677290277,-0.2231109579146104,8.084843837909615,7.182902371082477
-0.22910429598932874,-0.2629366220544704,7.285807707422024,7.770156186043962
-0.23204514840908969,-0.26611359422985653,7.436065518761625,7.818933358815368
-0.2622265354900645,-0.2188896586856903,7.646483527143721,7.340551142395983
-0.26933122642971835,-0.2782395011331603,7.8860516319131175,7.984548837515008
-0.30218571360625207,-0.22156279673412974,7.906421563946269,7.602638810414711
-0.28270630525852086,-0.21528297450270995,7.821152039610529,7.510368651547961
-0.2418664750266996,-0.2336228604328685,8.322474433533358,6.6929093027706035
-0.22689680073203164,-0.21438741269113082,7.929060210175041,6.830434483204127
-0.2417131239977758,-0.23734058078013076,7.34938938333998,7.816945669803156
-0.23098856954567376,-0.2360088444902901,7.437078050423158,7.252972638307043
-0.20641786759203506,-0.26081622744513455,7.393298155235141,7.416807358207464
-0.2387568087038186,-0.2385726398233367,7.273872585857502,7.65071985460614
-0.24852874827401028,-0.24428428408061417,7.8743047674484545,7.382094586008236
-0.23660566092459195,-0.2557151308620351,7.052507877329256,8.078367557667006
-0.27116897961343184,-0.24484792061003302,7.476758594624351,8.02924284552902
-0.23770039656723868,-0.24620753858859795,6.810986550725797,8.44903594329642
-0.20031321583525036,-0.23965634630862861,7.3664919654476915,7.1404468389176365
-0.2261190004730692,-0.2740018094364116,7.59448139783174,7.940766852985536
-0.251533680523195,-0.2801998812534807,7.9795979020651,7.553386314301879
-0.24988478659177124,-0.252021150287589,7.720709567135062,7.712179546549783
-0.2646368531386272,-0.24996036261704113,7.791907691858047,7.7289162228550605
-0.23375582189246005,-0.26656761377881405,7.711858454635903,7.24959218167697
-0.22517992618099836,-0.24650100043763395,7.366020196733321,7.389581493649427
-0.2202775754679287,-0.24802332093709864,7.492821876077657,7.411442101018198
-0.21662215316930894,-0.24424804247602408,7.485051587716228,7.405542286569656
-0.24012714932382603,-0.24032873000085528,7.395162814738684,7.678015673726324
-0.22673397079539387,-0.27631456264505866,7.393927591679026,7.752827156995967
-0.2623022423862805,-0.22387979760178858,7.529755679055291,7.431338005705711
-0.23849353736948625,-0.26312233334847934,7.8093216292340575,7.357648527992638
-0.25926866531790205,-0.2529659597209319,7.975099721662852,7.462506882269328
-0.25926866531790205,-0.2529659597209319,7.975099721662852,7.462506882269328
-0.24306823089807467,-0.29617004872260805,8.162531923293185,7.720563084149563
-0.2232330089209509,-0.27830542794199503,7.700941540443417,7.854182851344127
-0.2745702364095122,-0.2649867003946425,7.9990232389222,7.601738557583127
-0.27978824167363103,-0.24628165238576316,8.199966560227436,7.419769401987579
-0.22357710484008037,-0.2551055480248827,7.61688230814719,7.396960355683917
-0.22357710484008037,-0.2551055480248827,7.61688230814719,7.396960355683917
-0.2600075474404305,-0.24447360040798846,7.3093627362500415,8.0534850227388
-0.2524257286285893,-0.23635757828738763,7.807197530614479,7.539372312297185
-0.22974825724994027,-0.2624148100626781,7.088477699039528,8.110514158369384
-0.2281206552655365,-0.25323607740983944,7.578472307639548,7.427624412742911
-0.2594380909688056,-0.24457765909486176,8.228403289598589,7.156574078342528
-0.22451140571996753,-0.24363517366168394,6.726882616424386,8.06597983857527
-0.22451140571996753,-0.24363517366168394,6.726882616424386,8.06597983857527
-0.2694711015466877,-0.27274210697074486,7.713095432999567,8.149331231842877
-0.23734842985394855,-0.2874413376341114,7.676388231558112,7.742468595785255
-0.24168806604226029,-0.21940483565918864,7.871980681955345,7.228975963195192
-0.2915924802909342,-0.26078707320993083,7.312201218902533,8.407592535650656
-0.21098885529678132,-0.25494695133902834,7.566204440193835,6.906983182781255
-0.2763678617895021,-0.25082564707615784,7.990048170445782,7.74531732783511
-0.2763678617895021,-0.25082564707615784,7.990048170445782,7.74531732783511
-0.23083551939062955,-0.2394755393693961,8.261270576035693,6.933124725755377
-0.27151499962713055,-0.24737219234080493,7.8197990561632285,7.626891974486992
-0.25398411912530394,-0.22367500568781465,7.485453592085252,7.544298322747918
-0.24157913436191397,-0.22467639764314923,8.141391163138222,6.859581928752301
-0.25813921303067494,-0.2614943002604261,7.187856464829325,8.379410745686805
-0.25700638333448245,-0.24969798044050637,7.261317016833173,8.449237666470564
-0.23528685360032006,-0.2432245648020393,7.407779746978136,7.248424056058723
-0.25248225376132183,-0.24726893109646994,8.093885776098757,7.004456176666668
-0.24313830344089873,-0.2397345148589472,7.429515996784377,7.6685926268295255
-0.24045283269248105,-0.2601783697116611,7.760411251552914,7.5172026138956625
-0.25561272361534554,-0.2692545087822937,7.677962632709489,7.54629243585856
-0.25045541838664415,-0.21864305797752537,7.863438471171316,7.381512298372355
-0.2580098967902847,-0.22694972087734996,7.841096197500707,7.26383052801222
-0.29851048068176717,-0.23364796286571396,7.229918363076745,8.345551950911904
-0.28305637236346376,-0.24231310403949752,7.257374897740928,8.248736195326428
-0.28305637236346376,-0.24231310403949752,7.257374897740928,8.248736195326428
-0.2680803011242478,-0.23713024518632775,7.333733815943448,8.290380565966672
-0.2742182663332225,-0.2438608030504577,7.4235148614148025,8.198407723613048
-0.2596572040425212,-0.23465000877137349,7.0615373461861015,8.15841609237483
-0.25047016431150393,-0.24647387404741253,7.3807124136359175,7.834796677422853
-0.27316568641272626,-0.228891544141258,8.017940206061624,7.343697530070833
-0.269197579643443,-0.2303332803316869,7.7351624109404415,7.539272777587466
-0.269197579643443,-0.2303332803316869,7.7351624109404415,7.539272777587466
-0.22017673212239555,-0.26499235016546857,7.947846937627858,7.186330032802614
-0.25774758129206704,-0.2500792074461407,7.705557597166406,7.523114162112149
-0.24326477744806763,-0.24610843537176003,7.51789934676209,7.7909286293249975
-0.25053026375802107,-0.23715652071192664,7.539794769764995,7.372309624271124
-0.22770217937822845,-0.2488931041156439,7.708579232864971,7.454098908922994
-0.27619059090464937,-0.2279934655116441,7.420429494803507,7.594796167929832
-0.21015290171291184,-0.27834497113552836,7.5934789935826785,7.608609898246224
-0.23454293067878826,-0.23204952816602042,7.237443411381826,7.504653066385695
-0.2578602344920399,-0.24478007776359587,7.994173061266158,7.352529046169899
-0.2684218285205678,-0.24357157564892618,7.443127689478812,8.122799411184653
-0.25787265519611596,-0.2672408445145693,7.739353823279528,8.058117314821212
-0.293682194226289,-0.25572190699916675,8.118316688544391,7.781680993391162
-0.26314096789485114,-0.22799293337789955,7.210009695304582,7.769526666962451
-0.26314096789485114,-0.22799293337789955,7.210009695304582,7.769526666962451
-0.22668762742110937,-0.26212270276943395,8.20701827470577,6.913150669112252
-0.26561183026743646,-0.2466306087161032,7.799045882697168,7.768669050957608
-0.2627309058397656,-0.25438287943756216,8.110962187982569,7.586249267097378
-0.2405743355681889,-0.23224430003595267,7.636145645447196,7.0922225947345385
-0.2543658858049882,-0.2659322162222885,7.908376093635129,7.698981980567158
-0.24704461663650254,-0.296162786727787,7.720150608102408,7.976472770020728
-0.25045271830879673,-0.211845368909452,7.948771746306335,7.013859666358566
-0.2384916597081494,-0.27752331128840046,7.263271846902179,8.402535404752319
-0.2508570470255938,-0.23529303321893308,7.706579880279137,7.493251731875601
-0.24046807428975342,-0.2548243040508275,7.432782415374432,7.717595845464039
-0.24046807428975342,-0.2548243040508275,7.432782415374432,7.717595845464039
-0.2476292395638843,-0.2594090112437888,7.5288802555166034,7.802634176497999
-0.27345112475775807,-0.2644083667420153,7.845371795023105,7.859662048661111
-0.29431714070062875,-0.24151922086184738,8.054757297978314,8.022916981738991
-0.2818393764879942,-0.24738201645819896,7.564855222258712,7.9806003486852575
-0.24023460562723858,-0.26009440735493705,7.579658412707109,7.91964637531604
-0.25853945311915943,-0.22919137680407023,7.648149558566992,7.594128310386346
-0.2521068120691466,-0.23387151676742765,7.808666686202217,7.2589244099176105
-0.2524204516176526,-0.26320658356606996,7.692662911846127,7.720353322538792
-0.24500099748615609,-0.2457410530989861,7.930993166923601,6.942276621761969
-0.2714170484401998,-0.2356498466138573,8.068147751812567,7.149630822704576
-0.24350398709213986,-0.24918509720500395,8.082349803500994,6.870940135636238
-0.2501442529646947,-0.25876729760303036,7.1840412308641906,8.477937665430336
-0.23295487309126248,-0.23841871949785884,7.420651199144889,7.546766457637191
-0.23295487309126248,-0.23841871949785884,7.420651199144889,7.546766457637191
-0.2500156820516596,-0.20522908631227674,6.96952129508547,7.698990532085252
-0.25989679646963015,-0.27476280440922957,7.615876061718344,8.302093996041386
-0.21723442213937605,-0.2528410980302177,7.497601290718777,7.465901801649687
-0.21723442213937605,-0.2528410980302177,7.497601290718777,7.465901801649687
-0.22658151166564175,-0.26425586172470455,7.0148911487879895,7.950507792324896
-0.26465587009266656,-0.23474559638572745,8.194179372793247,7.301612479974936
-0.2651817619172652,-0.24524209116247928,7.826381878129298,7.849963842113794
-0.250377870858761,-0.2291137749686467,7.640308361835562,7.517699903039769
-0.23451931689247818,-0.251204479370511,7.708940599664556,7.094230008473572
-0.22491984793438796,-0.2584241078197511,7.532480487155392,7.38895745951153
-0.25710077974153067,-0.2693063518865639,7.812267019650091,7.923370900877177
-0.24341788481269425,-0.2335872171930468,7.8859656008979115,7.033232844269481
-0.26363535629492013,-0.2451006459960591,7.760097776263101,7.734004460676481
-0.2790477506646518,-0.2651660637593245,8.125286135912429,7.740630320012737
-0.23394546544691455,-0.24907234216224394,7.5810419735934325,7.625832827261938
-0.23348098831216157,-0.2451337292289849,7.765216193980703,7.188866454781565
-0.22517244464964095,-0.2690391499586674,8.34587278770815,6.6999837277643675
-0.2876631265347089,-0.2288918125167712,6.999018623060458,8.404351811078985
-0.27232116119420025,-0.23910011619824018,7.703002187726473,7.853629428109568
-0.26766229667470703,-0.2441624582037281,7.575786031401009,8.033744072502577
-0.2634509306824474,-0.2448991796820046,8.356076993927894,7.334204226558288
-0.21398436977555554,-0.25860629111250844,6.780744865470458,7.869550710204802
-0.23219992665189496,-0.24387448350176638,6.8593611799986,8.30614888657969
-0.2571349888070097,-0.249058795189529,7.496158704015298,7.878188402363348
-0.2354850892436697,-0.24795667565197635,7.123213286327488,7.602824629657402
-0.24711106694332954,-0.2543884366935665,6.676500367588583,8.389345438110185
-0.226551574998428,-0.25507653520899426,7.768229379107778,6.93381907042328
-0.2670962553422289,-0.25094661308315164,7.700922225342571,7.965619689844527
-0.22981312769047976,-0.22035356783342286,7.383628751105942,7.558053912465574
-0.23599470132363487,-0.23234861181483155,7.353841432151653,7.374957254718663
-0.22090045839018255,-0.26249261704278065,7.0768423982194,7.881338078939505
-0.22326058849818867,-0.24892354325047228,7.185639691144984,7.671376530911987
-0.2547568502629173,-0.26904634009566225,8.353564436880816,7.563413406378155
-0.20739352352661417,-0.2504914553194447,6.927783955664792,7.677994954885781
-0.2126267378191043,-0.263295953541291,7.5574622806330005,7.657488184526721
-0.2767770357551582,-0.2639785343722501,8.062153581225326,7.451956979268365
-0.26410537909363924,-0.25859651107085346,8.282104645882171,7.793549096201616
-0.24976027810316015,-0.21546266849566886,7.811514735798338,7.359887135318601
-0.2518475393128368,-0.2537286542492221,7.348021050968125,7.806602566238487
-0.2236075596693411,-0.2564250145877179,7.046455304836512,8.045558353799054
-0.2546055384067497,-0.23640378379743837,7.625439407991937,7.674565861327669
-0.25140583862479465,-0.24216397398743963,7.112793510471612,7.964303405050985
-0.24334547982042437,-0.250694660134753,7.4048812704568645,8.059274568941854
-0.24205436045778306,-0.22495729069640713,6.991099655604147,7.909682120602255
-0.24081498705828788,-0.21409715024374973,6.916616118367271,7.488327013327701
-0.24027488506602157,-0.30329614804336874,7.952206284983573,8.085322810563273
-0.22968525789845096,-0.25864616574307825,7.059301864611926,8.200830879098339
-0.254948260059899,-0.2338394205667487,8.20458099370965,7.170741552693124
-0.26193028144955394,-0.20370187867469378,7.600949872267811,7.372672794780754
-0.24244161505264564,-0.26777959141503976,7.859208317415829,7.362265570006752
-0.2344942648911634,-0.255480172466361,7.769542449203831,7.174427032312366
-0.24339167393549307,-0.2581433769466491,7.059405157170142,8.083628560225812
-0.23744429072207265,-0.25963000863700975,7.58171504659478,7.721515245880284
-0.23620722616303652,-0.25239650913337325,7.452607793204193,7.825924444028057
-0.2518287238993848,-0.2393579416128588,7.81452078016155,7.3786595775292065
-0.2594977989375737,-0.23328141817539014,8.064410306963781,7.439043091908645
-0.23915839392364374,-0.283326212267483,7.742036059205967,7.652321366621288
-0.26344355681901543,-0.21244141645505707,7.496376762803494,7.623634860185653
-0.2532500640966683,-0.21976500689686196,7.5169655840596885,7.285800901949196
-0.2532500640966683,-0.21976500689686196,7.5169655840596885,7.285800901949196
-0.2456305337199084,-0.265424196592668,8.020661846730409,7.549756081674191
-0.23452237863716818,-0.27415716759344433,8.153568842343953,7.3409427348050365
-0.26010224203842663,-0.2838949338958769,8.33966842367479,7.781463130417051
-0.22231500358206094,-0.2563273754321359,8.300681640048152,6.706423417601209
-0.2274303620193223,-0.24975500245777504,8.286704942509624,6.803111405106887
-0.2451363715449881,-0.2553905487793163,8.685522594815437,6.587381813787958
-0.21703434125432927,-0.25201487959816865,7.58452278313685,6.9807580980616155
-0.2466533283425428,-0.22935351146063584,7.5039430441153945,7.247223628380428
-0.25675148795931835,-0.22602059369962949,7.249840039534045,7.580338784230612
-0.28119075401831617,-0.21782213747670032,7.796988017827741,7.469888634149273
-0.23029653016690732,-0.2419942589373515,7.119850568837363,7.774727951600597
-0.22925414891212587,-0.2284090204843525,7.193823462204619,7.413188583253144
-0.261895180884226,-0.2618146440704974,7.697232166327502,7.860994543484316
-0.2504305870741323,-0.24157806568424145,7.6746350182950005,7.545676377015451
-0.23479590105300008,-0.2579441169266469,7.937108411880498,7.068319286828046
-0.2874194909231901,-0.2259206363351122,7.726119315053117,8.120340747798878
-0.2874194909231901,-0.2259206363351122,7.726119315053117,8.120340747798878
-0.1985002553288085,-0.2809740303393267,7.620653671645237,7.253634515789606
-0.20974189481053468,-0.2841287446616978,7.3553455360166815,7.831557038577156
-0.2095762479576399,-0.2752780659769633,7.4680102947556986,7.5970142569240435
-0.27262215534086526,-0.26069962008099035,7.56054024489124,7.9126196311423564
-0.22129536017251428,-0.24993090511992536,7.736625071806771,6.98922302779017
-0.24696909075488727,-0.2471134157242496,8.273120630268771,7.002669610235407
-0.24598751966322555,-0.24475920861210942,8.397844087600204,7.1179941217961415
-0.25338829937260604,-0.26425711065911955,7.401126535569655,7.861437121501763
-0.2373432769852302,-0.26335725988710784,7.5788075180277295,8.042560943763002
-0.23828186192728829,-0.26383915276180964,8.252032488776793,6.938546432307934
-0.23476305814547488,-0.21211303963538533,7.375589075954748,7.122446849096435
-0.27892053650259774,-0.25181677093925187,7.968979081236105,7.500879721426586
-0.22781237580662517,-0.252438001249834,7.877633017497026,7.312834471097798
-0.2511371915725683,-0.20967032191520418,7.435527590575327,7.622813062208774
-0.25342586768218206,-0.23605585281576283,7.8471834790527515,7.4552129067317505
-0.2430920088638287,-0.2407399568535859,7.5625378537339625,7.596817299672763
-0.2546921452443295,-0.2404934003006389,7.618139179080918,7.569665798898775
-0.22636323866338232,-0.2807960159881122,6.572293805007872,8.410163492506568
-0.23827614529001306,-0.2729425621672935,6.8426816980612974,8.248296221270303
-0.25672683524152895,-0.2322523972744144,8.094314885948208,6.537883436942752
-0.2543986940135123,-0.24052738169389015,7.056300836825563,8.488354234994622
-0.25610172538070786,-0.23386043398605436,8.226284022127327,6.6080940425298405
-0.22580235423064907,-0.27432775451855923,7.255231022872754,8.527605741797963
-0.237328771589826,-0.29162913345623775,6.971912119844868,8.477155429066306
-0.24456287002504662,-0.23927137734975282,6.924011576483358,7.852575146147915
-0.25768776912503705,-0.252550508516254,7.214150830447648,7.843381850967378
-0.26028560840831283,-0.24755198696530012,7.726339047475774,7.705603034955027
-0.2130489658694151,-0.2539710197121399,7.19390880954561,7.858769490028749
-0.21735432684547593,-0.25436220033329343,7.016858607081899,7.714728046075501
-0.2153915250621393,-0.2469181496467817,7.156533409815249,7.818017300316411
-0.26585447819667724,-0.25413458264318123,7.823331610416963,7.56958197775568
-0.21700250458481374,-0.26346009867954595,7.876223084019565,7.15406707467667
-0.28093145725312985,-0.2679567061907523,8.650295931521246,7.367648901525319
-0.271501407815287,-0.23089032826145,7.770613662368539,7.496901352792229
-0.24838602573056634,-0.22867946104528364,7.799495429507788,7.2744460671818585
-0.2631358776490749,-0.25724713118335235,8.273562117784612,7.414049611187497
-0.22160785788024256,-0.2544130854261835,7.177904919904765,7.832659511744173
-0.26180826757244835,-0.2592923274153105,7.7247023979030915,8.082280838827963
-0.2575979373248887,-0.2589281076104994,7.537096829367542,7.531443709319567
-0.28565040304098377,-0.23543066952209657,7.749658538043495,7.362255617453292
-0.2484534363168453,-0.2632882216885578,7.1112344124588684,7.835120605715166
-0.28061343369008257,-0.25822558500245507,7.583166140565763,7.772746799837984
-0.24582268506895574,-0.24788440118825947,7.447818476978375,7.403964729671089
-0.2588778816366955,-0.2636981559511351,7.526363658362028,7.64116896282861
-0.2535113395565423,-0.22775509187708598,7.978333818784658,7.306238855893821
-0.24103606978983066,-0.24099593116028825,7.72789546212886,6.996212366817263
-0.2371475856852768,-0.249327696500314,7.956207229385112,7.302776241763154
-0.25817449365563544,-0.2456029621521465,7.390761162592393,7.974834531944117
-0.223387092849877,-0.24560185168317075,7.365330987845002,7.663990383450403
-0.23353117744586893,-0.29294864816329463,8.123023926785297,7.860106293393538
-0.24887012131476424,-0.2739529159169598,7.8130439794148305,7.534294638362369
-0.25124588769926187,-0.2602513608107184,7.941339330949153,7.186907482326052
-0.22649780500203015,-0.24247019556824342,7.657738320997569,7.365195534732908
-0.26991788237858666,-0.2222191936442689,8.071272506747356,7.1389099868099715
-0.2776183475001785,-0.22974574443771179,8.368772376087572,7.166487308170727
-0.23978084055569893,-0.25998420019547963,7.771330555846539,7.46620898649723
-0.24364196722375822,-0.235724552906368,7.367222906894052,8.183395312174731
-0.24326080069075595,-0.23649801109288182,7.116477215713616,7.9854212792011205
-0.27489987329668203,-0.2432900488012915,7.309753545514666,8.045079015673213
-0.2575516263962048,-0.2714447054883284,7.863119118104235,7.570617468949064
-0.24614338042513323,-0.25021467918973245,7.736616345989736,7.815954181218028
-0.2634010951489423,-0.25685506084676796,8.062051191146999,7.393695015319079
-0.22525960561926092,-0.21557811874008728,6.91762226204631,7.793236702624447
-0.23198178659918023,-0.21643078283911998,6.952806729273518,7.711449502154534
-0.24373230962133996,-0.2254127835276015,7.758683768492108,7.193242076304227
-0.24674023898559788,-0.2394818597987413,7.670706816227156,7.254618655421005
-0.24826983291450844,-0.28042368164099263,8.212068365807907,7.30452264431479
-0.2593456165708791,-0.21958214511813431,7.15673635931936,7.841653956328487
-0.2550635419375419,-0.223464662237876,7.121993121381765,7.69910148254747
-0.23053547030543745,-0.24831617680948098,7.099722751082144,8.047775076892986
-0.24774919668748463,-0.24228093610618723,7.57842232612412,7.656269088845068
-0.24587257697529988,-0.26974392670611036,7.933384586366581,7.683939166782693
-0.2321880042154071,-0.27003865323526344,7.945439156787844,7.327488494218977
-0.27203620952216323,-0.2801778033632452,8.52969467278004,7.546003205212904
-0.2506962990229639,-0.27801310215359837,8.40059534539708,7.322665844694741
-0.21542762858281436,-0.21253261608659113,6.508877896430711,7.94598514444587
-0.23457089554771887,-0.2148627851404233,6.559194071967704,7.981370168814728
-0.26186347413294386,-0.2237305353670095,6.799654101921801,8.145288261458042
-0.22263033251461412,-0.2541345174736127,7.383505877387468,7.639480770215682
-0.2014570521654949,-0.2582292436056854,7.226114429588702,7.792212415407145
-0.29235016785558254,-0.23021605502323111,7.555995642677418,7.699527196702395
-0.25688891962710564,-0.22070953938911303,7.075318518236219,7.410256847834596
-0.2443892996997054,-0.2554114040769511,8.255576892545298,7.566174414955049
-0.24838765146817224,-0.2639789224403396,8.172925978064022,7.339789002946586
-0.2715346682949161,-0.20078397389938488,7.283499685828798,7.580013525086015
-0.2569650896110178,-0.22123780306815685,8.315833842848777,6.7330776694202
-0.2578847337032518,-0.23226324433345932,8.078783045153695,7.01060562245189
-0.24917796972898118,-0.22605171697843948,7.272860928782829,7.877118331516531
-0.26440833288211635,-0.2641799506689785,7.807907693768805,8.222746821782575
